PLAYER,TEAM,AGE,GP,W,L,MIN,PTS,FGM,FGA,FG%,3PM,3PA,3P%,FTM,FTA,FT%,OREB,DREB,REB,AST,TOV,STL,BLK,PF,FP,DD2,TD3,+/-
Joel Embiid,PHI,24,18,11,7,628,498,157,342,45.9,26,79,32.9,158,194,81.4,39,193,232,68,53,7,39,64,963.4,16,1,73
Kevin Durant,GSW,30,18,12,6,626,490,172,341,50.4,22,68,32.4,124,134,92.5,6,123,129,109,52,17,15,32,852.3,5,1,117
LeBron James,LAL,33,16,9,7,555,460,166,319,52.0,38,96,39.6,90,120,75.0,16,107,123,111,51,23,14,28,834.1,8,1,10
Kemba Walker,CHA,28,15,7,8,526,430,147,321,45.8,58,154,37.7,78,91,85.7,5,62,67,92,36,17,5,20,678.4,0,0,58
Damian Lillard,POR,28,16,11,5,553,425,137,311,44.1,42,120,35.0,109,118,92.4,15,70,85,97,36,11,5,24,684.5,2,0,100
Zach LaVine,CHI,23,16,4,12,575,404,137,317,43.2,30,96,31.3,100,116,86.2,6,81,87,64,64,19,10,38,627.4,1,0,-125
Klay Thompson,GSW,28,18,12,6,614,385,155,346,44.8,44,137,32.1,31,39,79.5,8,55,63,33,35,18,11,38,562.1,0,0,43
Tim Hardaway Jr.,NYK,26,16,4,12,518,383,123,293,42.0,51,140,36.4,86,104,82.7,7,51,58,44,32,18,2,44,546.6,0,0,-108
DeMar DeRozan,SAS,29,15,8,7,558,378,144,294,49.0,5,28,17.9,85,97,87.6,10,84,94,97,37,16,4,40,659.3,4,0,38
Paul George,OKC,28,15,10,5,531,361,122,293,41.6,48,135,35.6,69,83,83.1,17,100,117,66,45,38,11,42,702.4,5,0,113
Giannis Antetokounmpo,MIL,23,14,10,4,457,359,139,249,55.8,4,32,12.5,77,113,68.1,36,142,178,77,66,18,21,47,739.1,9,2,137
Anthony Davis,NOP,25,13,9,4,494,358,122,254,48.0,11,30,36.7,103,130,79.2,46,119,165,64,27,17,36,37,784.0,10,0,117
Stephen Curry,GSW,30,12,10,2,399,354,122,237,51.5,62,126,49.2,48,52,92.3,6,54,60,73,36,12,4,28,547.5,0,0,118
Nikola Vucevic,ORL,28,17,9,8,518,346,144,259,55.6,19,42,45.2,39,48,81.3,47,137,184,61,37,19,19,32,735.3,11,1,28
Bradley Beal,WAS,25,16,5,11,540,344,125,275,45.5,42,124,33.9,52,67,77.6,9,65,74,56,37,18,17,54,584.8,0,0,-59
Victor Oladipo,IND,26,16,10,6,518,343,129,293,44.0,38,110,34.5,47,66,71.2,8,98,106,75,36,25,8,32,645.7,4,0,40
Karl-Anthony Towns,MIN,23,17,7,10,577,338,119,247,48.2,33,75,44.0,67,73,91.8,51,156,207,36,61,14,33,61,720.4,9,0,-43
John Wall,WAS,28,16,5,11,557,335,123,273,45.1,24,73,32.9,65,95,68.4,10,43,53,126,54,32,18,40,683.6,3,0,-73
James Harden,HOU,29,12,7,5,430,334,99,233,42.5,48,135,35.6,88,108,81.5,6,57,63,88,60,28,8,38,589.6,3,0,6
CJ McCollum,POR,27,16,11,5,529,332,127,276,46.0,35,97,36.1,43,51,84.3,18,44,62,38,26,12,4,37,485.4,0,0,116
Kyrie Irving,BOS,26,15,9,6,488,332,127,254,50.0,39,93,41.9,39,48,81.3,14,59,73,84,35,25,9,37,612.6,1,0,26
JJ Redick,PHI,34,18,11,7,564,330,112,255,43.9,54,147,36.7,52,57,91.2,5,38,43,58,31,5,2,29,458.6,0,0,78
Josh Richardson,MIA,25,16,6,10,556,326,114,256,44.5,47,105,44.8,51,58,87.9,14,50,64,52,36,17,12,55,531.8,0,0,72
Blake Griffin,DET,29,13,7,6,463,319,113,243,46.5,28,77,36.4,65,90,72.2,23,111,134,63,45,12,8,40,589.3,7,0,1
Jrue Holiday,NOP,28,16,9,7,579,311,119,256,46.5,21,77,27.3,52,68,76.5,17,53,70,148,57,25,12,41,671.0,7,0,53
Tobias Harris,LAC,26,15,10,5,525,310,120,234,51.3,28,67,41.8,42,52,80.8,14,117,131,35,28,7,9,32,539.7,6,0,57
De'Aaron Fox,SAC,20,16,8,8,519,304,108,212,50.9,22,52,42.3,66,96,68.8,10,57,67,112,54,21,8,42,585.4,4,1,51
Donovan Mitchell,UTA,22,14,8,6,476,304,112,271,41.3,29,99,29.3,51,64,79.7,6,32,38,58,36,26,5,33,493.6,0,0,27
Buddy Hield,SAC,24,16,8,8,492,301,116,240,48.3,38,87,43.7,31,37,83.8,19,70,89,43,38,11,8,39,491.3,2,0,12
Kawhi Leonard,TOR,27,12,9,3,403,297,104,220,47.3,16,47,34.0,73,84,86.9,16,85,101,39,28,22,5,16,529.7,4,0,77
Khris Middleton,MIL,27,15,11,4,463,295,99,212,46.7,49,110,44.5,48,53,90.6,8,72,80,65,36,19,3,42,518.5,1,0,141
Danilo Gallinari,LAC,30,15,10,5,463,294,88,201,43.8,37,80,46.3,81,85,95.3,15,71,86,24,17,7,4,30,449.2,0,0,12
D'Angelo Russell,BKN,22,17,7,10,470,293,109,258,42.2,43,106,40.6,32,43,74.4,9,50,59,93,39,20,5,30,539.3,1,0,-28
Luka Doncic,DAL,19,15,7,8,506,292,105,225,46.7,36,95,37.9,46,60,76.7,16,83,99,63,59,13,4,32,497.3,0,0,0
Lou Williams,LAC,32,15,10,5,398,287,91,225,40.4,21,61,34.4,84,89,94.4,6,28,34,62,35,10,2,15,421.8,1,0,72
Mike Conley,MEM,31,15,10,5,498,286,93,232,40.1,28,90,31.1,72,89,80.9,7,39,46,87,28,16,3,34,500.7,1,0,46
Derrick Rose,MIN,30,15,6,9,453,284,104,223,46.6,26,55,47.3,50,60,83.3,13,43,56,71,31,9,3,20,462.7,0,0,38
Nikola Jokic,DEN,23,16,10,6,474,282,100,193,51.8,19,50,38.0,63,77,81.8,39,126,165,112,49,23,14,51,710.0,10,1,68
Serge Ibaka,TOR,29,16,13,3,429,280,116,205,56.6,13,40,32.5,35,46,76.1,36,89,125,16,27,12,22,51,529.0,3,0,130
Gary Harris,DEN,24,16,10,6,537,279,103,227,45.4,28,80,35.0,45,57,78.9,14,44,58,47,19,20,9,36,487.1,0,0,111
Julius Randle,NOP,23,16,9,7,410,276,102,181,56.4,8,29,27.6,64,95,67.4,34,97,131,37,41,12,10,52,513.7,6,0,-26
Nikola Mirotic,NOP,27,14,7,7,439,275,103,215,47.9,32,99,32.3,37,48,77.1,30,129,159,18,17,10,10,31,535.8,10,0,17
Aaron Gordon,ORL,23,16,8,8,520,274,107,216,49.5,27,72,37.5,33,49,67.3,30,90,120,44,30,16,13,43,541.0,5,0,16
Jamal Murray,DEN,21,16,10,6,524,274,104,240,43.3,22,76,28.9,44,48,91.7,12,51,63,64,32,15,6,34,476.6,1,0,65
Evan Fournier,ORL,26,17,9,8,501,273,106,249,42.6,33,112,29.5,28,37,75.7,6,44,50,72,31,20,4,45,482.0,1,0,24
Devin Booker,PHX,22,12,3,9,435,272,93,219,42.5,30,90,33.3,56,66,84.8,8,38,46,88,54,12,1,41,444.2,2,0,-64
Jimmy Butler,PHI,29,13,5,8,469,270,96,195,49.2,20,52,38.5,58,75,77.3,18,44,62,56,23,28,12,27,525.4,0,0,-56
Kyle Kuzma,LAL,23,16,9,7,486,270,110,231,47.6,24,81,29.6,26,35,74.3,11,65,76,22,22,9,9,37,426.2,0,0,-20
LaMarcus Aldridge,SAS,33,15,8,7,532,267,105,247,42.5,0,7,0.0,57,70,81.4,60,112,172,36,31,6,19,29,571.4,8,0,7
Enes Kanter,NYK,26,17,4,13,448,264,106,197,53.8,2,8,25.0,50,58,86.2,77,122,199,34,41,7,7,48,554.8,11,0,-86
Kyle Lowry,TOR,32,17,13,4,578,263,91,199,45.7,36,106,34.0,45,55,81.8,10,62,72,176,48,25,6,37,658.4,8,0,167
Trae Young,ATL,20,16,3,13,476,260,93,236,39.4,23,95,24.2,51,63,81.0,9,42,51,124,63,10,4,28,486.2,5,0,-150
Caris LeVert,BKN,24,14,6,8,416,257,97,204,47.5,19,61,31.1,44,61,72.1,14,46,60,52,30,17,5,34,443.0,0,0,-26
Jabari Parker,CHI,23,17,4,13,521,254,103,234,44.0,18,59,30.5,30,41,73.2,17,95,112,35,46,9,7,36,442.9,1,0,-113
Jayson Tatum,BOS,20,16,9,7,516,254,89,210,42.4,28,71,39.4,48,54,88.9,22,89,111,34,30,15,8,40,477.2,1,0,69
Marc Gasol,MEM,33,15,10,5,513,252,86,189,45.5,30,68,44.1,50,70,71.4,25,114,139,58,30,26,14,41,595.8,7,0,82
Ben Simmons,PHI,22,17,11,6,562,250,97,183,53.0,0,0,0.0,56,88,63.6,34,121,155,131,57,23,13,46,683.5,12,2,-13
Dennis Schroder,OKC,25,15,10,5,454,250,92,221,41.6,18,53,34.0,48,58,82.8,10,58,68,86,45,22,3,40,490.6,1,0,80
E'Twaun Moore,NOP,29,16,9,7,504,250,102,183,55.7,27,56,48.2,19,28,67.9,13,24,37,34,19,9,6,44,371.4,0,0,89
Spencer Dinwiddie,BKN,25,17,7,10,468,249,87,189,46.0,33,87,37.9,42,55,76.4,12,33,45,78,36,11,6,56,435.0,0,0,-49
T.J. Warren,PHX,25,14,2,12,407,247,93,183,50.8,25,54,46.3,36,40,90.0,11,48,59,17,16,13,11,33,399.3,0,0,-82
Andre Drummond,DET,25,13,7,6,432,246,104,201,51.7,2,11,18.2,36,66,54.5,78,133,211,20,35,14,20,50,596.2,11,0,2
Jusuf Nurkic,POR,24,16,11,5,413,246,92,176,52.3,2,16,12.5,60,75,80.0,64,111,175,34,37,11,19,48,560.0,9,0,110
Rudy Gobert,UTA,26,16,8,8,524,246,93,132,70.5,0,0,0.0,60,100,60.0,59,146,205,24,28,17,33,52,650.0,14,0,50
Deandre Ayton,PHX,20,15,3,12,490,245,108,179,60.3,0,2,0.0,29,38,76.3,37,120,157,42,32,10,10,40,524.4,9,0,-72
Willie Cauley-Stein,SAC,25,16,8,8,459,245,107,196,54.6,1,1,100,30,58,51.7,38,95,133,35,22,18,8,51,513.1,6,0,71
Clint Capela,HOU,24,15,8,7,500,244,106,169,62.7,0,0,0.0,32,58,55.2,64,104,168,26,26,7,25,39,554.6,10,0,-20
Pascal Siakam,TOR,24,17,13,4,489,240,97,157,61.8,9,29,31.0,37,48,77.1,26,88,114,39,25,20,10,52,500.3,3,0,150
Bojan Bogdanovic,IND,29,16,10,6,488,235,81,155,52.3,35,67,52.2,38,48,79.2,4,58,62,18,31,14,0,27,347.4,0,0,41
Kent Bazemore,ATL,29,16,3,13,450,235,85,185,45.9,24,74,32.4,41,53,77.4,12,52,64,33,33,29,13,41,454.3,0,0,-88
Terrence Ross,ORL,27,17,9,8,423,231,87,196,44.4,39,98,39.8,18,21,85.7,4,48,52,31,25,15,10,41,389.9,0,0,-35
Joe Harris,BKN,27,17,7,10,494,229,85,162,52.5,43,85,50.6,16,20,80.0,12,45,57,38,24,9,2,51,363.4,0,0,11
Chris Paul,HOU,33,13,8,5,448,228,78,179,43.6,31,78,39.7,41,53,77.4,8,58,66,99,43,32,5,34,523.7,2,0,11
Andrew Wiggins,MIN,23,13,6,7,436,226,85,210,40.5,29,72,40.3,27,36,75.0,8,44,52,32,23,22,8,32,403.4,0,0,-37
Steven Adams,OKC,25,14,9,5,471,223,93,149,62.4,0,0,0.0,37,68,54.4,66,75,141,24,23,22,14,34,513.2,7,0,121
Eric Bledsoe,MIL,28,15,11,4,429,220,83,170,48.8,23,67,34.3,31,41,75.6,18,51,69,90,30,18,11,37,494.8,1,0,145
Montrezl Harrell,LAC,24,15,10,5,357,219,83,122,68.0,0,0,0.0,53,79,67.1,27,72,99,23,24,13,27,41,468.3,3,0,33
JaVale McGee,LAL,30,16,9,7,400,215,94,151,62.3,1,3,33.3,26,39,66.7,44,63,107,16,23,15,41,41,512.4,1,0,8
Jonas Valanciunas,TOR,26,17,13,4,324,215,82,151,54.3,6,19,31.6,45,54,83.3,33,93,126,18,21,9,17,49,450.2,3,0,35
Jordan Clarkson,CLE,26,14,2,12,339,215,88,190,46.3,17,60,28.3,22,25,88.0,13,31,44,24,25,10,4,27,320.8,0,0,-94
Joe Ingles,UTA,31,16,8,8,530,214,78,173,45.1,40,102,39.2,18,28,64.3,6,60,66,68,41,24,4,37,438.2,0,0,22
Wesley Matthews,DAL,32,13,5,8,422,211,71,164,43.3,34,89,38.2,35,44,79.5,7,27,34,31,16,12,2,31,324.3,0,0,-17
Malcolm Brogdon,MIL,25,15,11,4,450,208,80,163,49.1,23,54,42.6,25,25,100,14,46,60,48,24,8,3,25,361.0,0,0,72
Domantas Sabonis,IND,22,15,9,6,366,207,82,121,67.8,1,2,50.0,42,55,76.4,37,106,143,41,31,7,10,45,460.1,6,0,47
Marcus Morris,BOS,29,15,8,7,388,207,74,152,48.7,32,70,45.7,27,33,81.8,11,86,97,16,29,8,3,42,351.4,2,0,2
Taurean Prince,ATL,24,13,3,10,380,206,72,168,42.9,33,90,36.7,29,33,87.9,3,61,64,37,43,16,3,41,352.3,0,0,-114
Reggie Jackson,DET,28,13,7,6,385,204,67,180,37.2,26,85,30.6,44,53,83.0,11,22,33,53,26,4,1,42,312.1,0,0,-36
Rodney McGruder,MIA,27,16,6,10,534,204,76,166,45.8,30,71,42.3,22,30,73.3,17,68,85,54,24,13,3,45,411.0,2,0,-26
Dennis Smith Jr.,DAL,20,14,7,7,397,203,78,176,44.3,21,55,38.2,26,41,63.4,10,30,40,55,45,14,6,41,348.5,0,0,-45
Justin Holiday,CHI,29,17,4,13,594,203,71,171,41.5,50,125,40.0,11,12,91.7,5,57,62,39,12,28,7,40,428.9,0,0,-192
Paul Millsap,DEN,33,16,10,6,420,203,71,154,46.1,14,37,37.8,47,67,70.1,35,72,107,30,26,18,19,39,461.4,3,0,86
Kelly Oubre Jr.,WAS,22,16,5,11,412,202,68,162,42.0,21,75,28.0,45,55,81.8,11,61,72,14,19,13,11,34,362.4,0,0,-48
Jae Crowder,UTA,28,16,8,8,468,201,67,164,40.9,30,102,29.4,37,52,71.2,13,70,83,23,10,11,6,41,376.1,0,0,30
Jeremy Lamb,CHA,26,15,7,8,388,201,73,168,43.5,21,57,36.8,34,36,94.4,12,62,74,26,14,20,6,33,392.8,1,0,15
Hassan Whiteside,MIA,29,15,5,10,421,199,77,156,49.4,2,11,18.2,43,74,58.1,57,159,216,9,28,7,47,49,605.7,11,0,1
Goran Dragic,MIA,32,12,5,7,369,196,69,166,41.6,20,62,32.3,38,50,76.0,8,32,40,56,30,7,4,30,331.0,0,0,23
Antonio Blakeney,CHI,22,17,4,13,319,193,76,170,44.7,22,49,44.9,19,29,65.5,4,33,37,11,18,5,4,17,262.9,0,0,-38
Wendell Carter Jr.,CHI,19,17,4,13,440,192,74,159,46.5,5,18,27.8,39,49,79.6,38,88,126,39,28,11,32,49,502.7,4,0,-107
Jaren Jackson Jr.,MEM,19,15,10,5,367,191,73,147,49.7,8,31,25.8,37,50,74.0,24,46,70,19,23,18,27,57,415.5,1,0,-19
Marvin Bagley III,SAC,19,16,8,8,362,190,72,142,50.7,7,18,38.9,39,62,62.9,38,53,91,13,35,7,18,30,358.7,0,0,-71
Brook Lopez,MIL,30,15,11,4,402,189,65,140,46.4,45,106,42.5,14,14,100,6,43,49,18,12,6,25,30,355.8,0,0,135
Bryn Forbes,SAS,25,15,8,7,433,189,69,162,42.6,34,77,44.2,17,21,81.0,3,22,25,35,15,13,0,37,295.5,0,0,-7
Robert Covington,MIN,27,16,10,6,542,189,64,146,43.8,41,98,41.8,20,27,74.1,8,73,81,18,24,33,25,54,463.2,1,0,10
Allonzo Trier,NYK,22,17,4,13,411,188,63,136,46.3,12,30,40.0,50,57,87.7,12,36,48,26,32,11,9,28,312.6,0,0,-74
Jarrett Allen,BKN,20,15,7,8,403,188,72,122,59.0,2,10,20.0,42,63,66.7,43,82,125,25,17,10,28,35,472.5,5,0,10
D.J. Augustin,ORL,31,17,9,8,466,187,59,128,46.1,30,64,46.9,39,45,86.7,10,27,37,87,19,9,0,24,369.9,1,0,37
Taj Gibson,MIN,33,17,7,10,459,187,76,144,52.8,7,17,41.2,28,40,70.0,51,63,114,26,17,18,13,48,438.8,1,0,-51
Al Horford,BOS,32,16,9,7,470,184,75,162,46.3,20,66,30.3,14,22,63.6,27,76,103,56,25,12,26,27,480.6,1,0,7
Tyler Johnson,MIA,26,16,6,10,435,183,67,154,43.5,22,68,32.4,27,38,71.1,10,42,52,38,25,16,10,33,355.4,0,0,-22
Brandon Ingram,LAL,21,12,7,5,376,182,72,160,45.0,7,23,30.4,31,43,72.1,10,44,54,28,25,7,10,32,314.8,0,0,15
Ricky Rubio,UTA,28,16,8,8,480,182,58,165,35.2,19,66,28.8,47,57,82.5,5,48,53,106,50,26,2,54,438.6,4,0,0
Harrison Barnes,DAL,26,11,5,6,340,181,60,147,40.8,19,55,34.5,42,54,77.8,7,49,56,14,18,10,2,27,287.2,1,0,-40
Nemanja Bjelica,SAC,30,16,8,8,407,181,69,137,50.4,28,58,48.3,15,21,71.4,17,70,87,37,21,20,11,46,412.9,2,0,28
Rodney Hood,CLE,26,14,2,12,372,181,66,148,44.6,14,35,40.0,35,37,94.6,4,33,37,31,10,10,1,37,294.9,0,0,-55
Collin Sexton,CLE,19,14,2,12,372,180,66,150,44.0,10,20,50.0,38,41,92.7,10,27,37,32,33,6,2,35,263.4,0,0,-76
Garrett Temple,MEM,32,15,10,5,483,180,61,133,45.9,26,63,41.3,32,39,82.1,6,50,56,16,15,18,3,44,319.2,0,0,72
Josh Hart,LAL,23,16,9,7,422,177,60,132,45.5,36,83,43.4,21,30,70.0,8,54,62,20,17,22,9,39,357.4,1,0,60
Dario Saric,MIN,24,16,10,6,472,176,58,158,36.7,27,84,32.1,33,36,91.7,23,76,99,30,32,8,4,49,343.8,1,0,-11
Eric Gordon,HOU,29,12,6,6,385,176,61,187,32.6,26,105,24.8,28,33,84.8,6,27,33,24,15,5,7,25,272.6,0,0,23
Myles Turner,IND,22,16,10,6,426,175,70,151,46.4,5,23,21.7,30,40,75.0,21,64,85,22,26,6,40,45,422.0,1,0,18
Jerami Grant,OKC,24,15,10,5,450,174,61,124,49.2,16,45,35.6,36,53,67.9,14,65,79,21,17,13,16,40,370.3,0,0,103
Malik Monk,CHA,20,15,7,8,336,171,60,169,35.5,27,91,29.7,24,27,88.9,5,24,29,37,20,8,4,28,277.3,0,0,9
Shelvin Mack,MEM,28,15,10,5,397,171,64,126,50.8,21,45,46.7,22,32,68.8,4,32,36,56,19,18,2,23,339.2,0,0,9
Trey Lyles,DEN,23,16,10,6,340,171,64,143,44.8,13,50,26.0,30,45,66.7,12,69,81,28,28,10,6,30,330.2,0,0,34
Trey Burke,NYK,26,14,3,11,296,170,69,152,45.4,12,41,29.3,20,28,71.4,10,18,28,45,18,8,1,17,280.1,0,0,-2
Russell Westbrook,OKC,30,7,5,2,220,169,67,137,48.9,2,20,10.0,33,52,63.5,7,51,58,62,29,15,1,21,350.6,4,0,32
Derrick Favors,UTA,27,15,7,8,344,168,66,113,58.4,6,18,33.3,30,50,60.0,47,57,104,10,16,13,20,40,390.8,1,0,-40
Tyreke Evans,IND,29,15,9,6,305,168,60,150,40.0,22,55,40.0,26,36,72.2,5,36,41,33,25,14,8,27,307.7,1,0,4
Danny Green,TOR,31,17,13,4,474,166,59,128,46.1,43,93,46.2,5,5,100,13,54,67,22,20,20,13,41,358.4,0,0,196
Jeff Green,WAS,32,16,5,11,392,166,59,122,48.4,13,43,30.2,35,36,97.2,27,57,84,18,24,10,10,33,329.8,1,0,-21
Jeremy Lin,ATL,30,16,3,13,288,165,52,112,46.4,16,42,38.1,45,52,86.5,4,30,34,47,34,14,1,32,287.3,0,0,-61
Jaylen Brown,BOS,22,15,8,7,436,164,63,174,36.2,18,66,27.3,20,31,64.5,20,44,64,19,20,7,7,38,291.3,0,0,-4
DeAndre Jordan,DAL,30,15,7,8,480,162,59,93,63.4,0,0,0.0,44,54,81.5,37,161,198,35,37,9,18,45,496.1,9,0,-25
Alex Len,ATL,25,16,3,13,347,160,63,127,49.6,8,29,27.6,26,42,61.9,29,59,88,19,29,7,16,46,334.1,2,0,-65
Otto Porter Jr.,WAS,25,15,4,11,420,159,63,136,46.3,20,55,36.4,13,17,76.5,10,56,66,27,14,20,10,21,354.7,1,0,-62
Rudy Gay,SAS,32,11,7,4,300,158,65,126,51.6,15,27,55.6,13,18,72.2,15,68,83,19,20,9,8,28,317.1,3,0,51
Quinn Cook,GSW,25,15,9,6,270,156,61,116,52.6,24,50,48.0,10,12,83.3,5,30,35,30,16,6,0,23,245.0,0,0,-24
Marco Belinelli,SAS,32,15,8,7,338,155,54,144,37.5,22,69,31.9,25,29,86.2,4,25,29,24,12,11,3,25,255.8,0,0,1
Markelle Fultz,PHI,20,18,11,7,420,155,65,153,42.5,4,13,30.8,21,37,56.8,26,43,69,58,24,17,5,49,366.8,0,0,-10
Gordon Hayward,BOS,28,15,8,7,401,152,55,138,39.9,17,57,29.8,25,31,80.6,15,64,79,46,20,19,3,25,361.8,0,0,19
Damyean Dotson,NYK,24,15,3,12,403,151,62,144,43.1,20,62,32.3,7,11,63.6,12,56,68,16,11,13,2,27,290.6,1,0,-31
Darren Collison,IND,31,16,10,6,436,150,58,129,45.0,12,33,36.4,22,32,68.8,6,26,32,63,23,24,3,28,340.9,0,0,-2
Zach Collins,POR,20,16,11,5,330,150,53,98,54.1,12,33,36.4,32,37,86.5,20,50,70,16,26,5,18,49,301.0,0,0,29
Thaddeus Young,IND,30,16,10,6,449,148,66,137,48.2,3,19,15.8,13,28,46.4,29,59,88,22,19,20,7,34,348.6,1,0,50
J.J. Barea,DAL,34,15,7,8,282,147,56,141,39.7,12,43,27.9,23,34,67.6,7,28,35,84,24,8,1,25,318.0,2,0,65
Shai Gilgeous-Alexander,LAC,20,15,10,5,409,146,54,117,46.2,7,20,35.0,31,37,83.8,11,39,50,44,29,12,10,35,309.0,0,0,40
Markieff Morris,WAS,29,15,5,10,377,145,52,121,43.0,18,53,34.0,23,27,85.2,12,53,65,29,21,7,10,44,296.5,0,0,-90
Patty Mills,SAS,30,15,8,7,406,145,53,129,41.1,27,71,38.0,12,16,75.0,6,46,52,38,17,10,3,24,286.4,0,0,14
Monte Morris,DEN,23,16,10,6,381,144,58,127,45.7,14,35,40.0,14,17,82.4,5,35,40,63,9,14,1,21,322.5,0,0,56
Al-Farouq Aminu,POR,28,16,11,5,476,142,47,113,41.6,23,61,37.7,25,30,83.3,20,114,134,7,12,16,8,41,373.3,3,0,105
Jeff Teague,MIN,30,11,6,5,350,142,46,124,37.1,10,35,28.6,40,45,88.9,2,24,26,84,24,13,3,24,323.2,2,0,-38
Tristan Thompson,CLE,27,14,2,12,388,142,64,118,54.2,0,0,0.0,14,27,51.9,64,87,151,29,23,11,5,27,391.7,6,0,-35
Tony Parker,CHA,36,14,7,7,257,140,57,122,46.7,5,15,33.3,21,30,70.0,3,24,27,60,17,3,2,14,260.4,1,0,50
Cody Zeller,CHA,26,15,7,8,358,139,54,94,57.4,1,5,20.0,30,33,90.9,27,56,83,28,16,10,10,51,324.6,0,0,54
Evan Turner,POR,30,16,11,5,412,139,59,128,46.1,4,22,18.2,17,25,68.0,6,76,82,70,32,13,5,37,364.4,1,0,51
Lance Stephenson,LAL,28,16,9,7,264,139,55,120,45.8,16,45,35.6,13,15,86.7,9,49,58,31,20,14,2,30,283.1,0,0,5
Mario Hezonja,NYK,23,15,4,11,297,138,56,141,39.7,14,50,28.0,12,22,54.5,4,54,58,18,21,9,3,27,249.6,0,0,-38
Nicolas Batum,CHA,29,15,7,8,465,136,53,121,43.8,23,59,39.0,7,9,77.8,18,68,86,57,32,17,9,25,370.7,0,0,61
Dorian Finney-Smith,DAL,25,15,7,8,396,135,49,95,51.6,24,54,44.4,13,20,65.0,27,34,61,13,16,14,9,46,280.7,0,0,-9
Carmelo Anthony,HOU,34,10,4,6,294,134,49,121,40.5,21,64,32.8,15,22,68.2,9,45,54,5,8,4,7,32,231.3,0,0,-63
Dwight Powell,DAL,27,15,7,8,239,134,46,73,63.0,5,21,23.8,37,48,77.1,16,40,56,15,12,12,9,37,274.7,0,0,50
Terry Rozier,BOS,24,16,9,7,373,134,49,134,36.6,20,59,33.9,16,22,72.7,6,64,70,32,9,9,5,22,299.0,0,0,14
Trevor Ariza,PHX,33,13,2,11,436,133,42,114,36.8,25,73,34.2,24,27,88.9,7,65,72,44,21,10,5,23,309.4,0,0,-155
Kelly Olynyk,MIA,27,16,6,10,289,131,40,87,46.0,18,55,32.7,33,42,78.6,13,43,56,34,24,8,6,37,267.2,0,0,-14
Isaiah Canaan,PHX,27,14,3,11,399,130,47,107,43.9,22,57,38.6,14,18,77.8,4,37,41,45,24,12,0,37,258.7,0,0,-96
Landry Shamet,PHI,21,18,11,7,377,130,44,113,38.9,29,85,34.1,13,16,81.3,4,16,20,19,9,10,3,31,212.5,0,0,-55
Cedi Osman,CLE,23,12,1,11,360,129,48,130,36.9,17,54,31.5,16,21,76.2,11,48,59,31,33,9,4,22,252.3,2,0,-99
DeAndre' Bembry,ATL,24,16,3,13,374,129,47,121,38.8,13,37,35.1,22,37,59.5,9,64,73,34,24,20,11,36,336.6,1,0,-71
Dwyane Wade,MIA,36,9,4,5,231,129,49,109,45.0,15,36,41.7,16,27,59.3,12,24,36,26,24,4,4,19,211.2,0,0,-10
Juancho Hernangomez,DEN,23,15,9,6,347,129,46,86,53.5,23,49,46.9,14,18,77.8,25,50,75,11,11,7,7,25,266.5,1,0,53
Ish Smith,DET,30,13,7,6,350,127,53,125,42.4,16,50,32.0,5,7,71.4,1,27,28,45,15,9,5,37,255.1,0,0,21
George Hill,CLE,32,10,1,9,265,126,50,90,55.6,12,25,48.0,14,16,87.5,8,11,19,30,16,10,1,27,210.8,0,0,-30
PJ Tucker,HOU,33,15,8,7,533,126,43,96,44.8,32,72,44.4,8,12,66.7,18,66,84,17,14,19,7,44,316.3,0,0,23
Jonas Jerebko,GSW,31,18,12,6,332,125,43,92,46.7,18,46,39.1,21,24,87.5,26,67,93,30,12,6,3,45,296.6,1,0,48
Kentavious Caldwell-Pope,LAL,25,16,9,7,315,125,40,101,39.6,17,51,33.3,28,30,93.3,7,28,35,8,10,10,2,17,205.0,0,0,-6
Dante Exum,UTA,23,16,8,8,278,124,41,101,40.6,9,32,28.1,33,46,71.7,6,25,31,36,16,3,3,29,217.2,0,0,-16
Lonzo Ball,LAL,21,16,9,7,416,124,46,121,38.0,24,70,34.3,8,13,61.5,16,63,79,78,27,19,2,33,371.8,0,0,-47
Noah Vonleh,NYK,23,17,4,13,394,124,42,91,46.2,6,20,30.0,34,44,77.3,35,100,135,25,23,9,14,45,369.5,4,0,-18
Fred VanVleet,TOR,24,13,10,3,310,121,46,119,38.7,17,57,29.8,12,18,66.7,7,24,31,55,17,10,2,26,259.7,0,0,0
Iman Shumpert,SAC,28,14,6,8,348,120,42,104,40.4,25,67,37.3,11,13,84.6,4,42,46,27,9,15,4,37,263.7,0,0,-49
Rondae Hollis-Jefferson,BKN,23,13,5,8,265,120,48,118,40.7,1,13,7.7,23,39,59.0,19,49,68,20,11,11,8,21,277.6,0,0,-35
Jonathon Simmons,ORL,29,15,9,6,340,118,40,123,32.5,7,36,19.4,31,36,86.1,10,31,41,38,19,6,8,32,247.2,0,0,-45
OG Anunoby,TOR,21,13,10,3,297,118,49,105,46.7,16,53,30.2,4,10,40.0,10,24,34,7,9,11,4,33,205.3,0,0,30
Ersan Ilyasova,MIL,31,15,11,4,330,117,43,88,48.9,14,39,35.9,17,21,81.0,24,67,91,19,12,9,4,45,281.7,1,0,63
Vince Carter,ATL,41,16,3,13,295,117,41,94,43.6,25,61,41.0,10,13,76.9,5,32,37,15,10,10,6,23,221.9,0,0,-61
Dwight Howard,WAS,32,9,4,5,230,115,43,69,62.3,0,0,0.0,29,48,60.4,24,59,83,4,16,7,4,34,237.6,3,0,-49
Langston Galloway,DET,26,12,7,5,294,115,40,88,45.5,21,61,34.4,14,17,82.4,8,26,34,15,7,4,2,24,189.3,0,0,11
Mikal Bridges,PHX,22,15,3,12,295,115,40,87,46.0,17,46,37.0,18,20,90.0,3,21,24,14,14,19,6,33,225.8,0,0,18
Nik Stauskas,POR,25,16,11,5,290,115,40,94,42.6,20,51,39.2,15,16,93.8,5,30,35,29,17,6,2,15,207.5,0,0,-45
Mo Bamba,ORL,20,17,9,8,301,113,49,97,50.5,7,30,23.3,8,14,57.1,21,58,79,20,11,3,25,39,310.8,1,0,-99
Allen Crabbe,BKN,26,16,7,9,379,112,36,132,27.3,24,83,28.9,16,20,80.0,6,44,50,16,18,7,5,40,214.0,0,0,9
Cameron Payne,CHI,24,15,3,12,324,112,42,106,39.6,12,39,30.8,16,17,94.1,9,20,29,45,22,13,4,28,243.3,0,0,-106
Josh Okogie,MIN,20,14,6,8,327,112,41,111,36.9,12,45,26.7,18,23,78.3,12,42,54,15,17,14,5,30,239.3,1,0,-32
Michael Kidd-Gilchrist,CHA,25,13,7,6,265,112,43,89,48.3,2,8,25.0,24,33,72.7,29,48,77,18,8,3,17,38,283.4,1,0,44
Austin Rivers,WAS,26,16,5,11,370,111,40,99,40.4,18,54,33.3,13,23,56.5,5,31,36,27,21,8,6,38,215.7,0,0,-8
Frank Ntilikina,NYK,20,17,4,13,421,110,42,123,34.1,15,57,26.3,11,12,91.7,1,30,31,55,26,18,7,48,278.7,0,0,-90
Marvin Williams,CHA,32,15,7,8,355,110,42,107,39.3,18,63,28.6,8,14,57.1,10,55,65,14,8,11,15,28,279.0,0,0,31
Ryan Arcidiacono,CHI,24,16,4,12,424,110,38,81,46.9,26,59,44.1,8,12,66.7,1,38,39,68,12,12,1,41,285.8,0,0,-31
Bam Adebayo,MIA,21,16,6,10,282,109,40,73,54.8,0,2,0.0,29,42,69.0,27,65,92,20,18,9,11,41,291.4,0,0,1
Cory Joseph,IND,27,16,10,6,416,109,46,93,49.5,14,32,43.8,3,7,42.9,3,46,49,54,20,23,3,30,306.8,0,0,78
Josh Jackson,PHX,21,15,3,12,263,108,44,108,40.7,10,32,31.3,10,21,47.6,3,30,33,23,38,10,10,35,204.1,0,0,-101
Miles Bridges,CHA,20,14,6,8,289,108,44,80,55.0,12,32,37.5,8,12,66.7,9,48,57,15,11,8,7,24,232.9,0,0,36
Kevon Looney,GSW,22,18,12,6,331,106,42,70,60.0,0,1,0.0,22,30,73.3,43,47,90,26,15,4,15,44,295.0,1,0,54
Patrick Beverley,LAC,30,15,10,5,403,106,38,106,35.8,19,58,32.8,11,15,73.3,13,51,64,67,15,11,4,54,313.3,1,0,13
Justise Winslow,MIA,22,12,4,8,337,105,38,113,33.6,9,34,26.5,20,29,69.0,15,49,64,49,24,12,4,28,279.3,1,0,-67
MarShon Brooks,MEM,29,14,9,5,200,103,39,89,43.8,10,32,31.3,15,19,78.9,7,19,26,17,13,5,3,15,170.7,0,0,-5
Mason Plumlee,DEN,28,16,10,6,265,102,43,72,59.7,1,3,33.3,15,37,40.5,28,44,72,25,22,18,8,49,281.9,0,0,37
Reggie Bullock,DET,27,10,6,4,276,102,34,98,34.7,17,52,32.7,17,19,89.5,4,20,24,21,9,5,2,16,174.3,0,0,-5
Malik Beasley,DEN,21,16,10,6,281,101,42,99,42.4,14,47,29.8,3,4,75.0,3,32,35,14,12,5,2,22,173.0,0,0,30
Omari Spellman,ATL,21,15,3,12,300,101,38,99,38.4,13,44,29.5,12,18,66.7,30,50,80,18,10,11,8,26,271.0,3,0,-93
Stanley Johnson,DET,22,12,6,6,299,101,39,99,39.4,17,56,30.4,6,8,75.0,8,44,52,18,18,12,2,26,214.4,0,0,-31
Alfonzo McKinnie,GSW,26,16,12,4,251,100,39,76,51.3,15,31,48.4,7,13,53.8,19,42,61,8,7,3,3,32,196.2,1,0,49
Shabazz Napier,BKN,27,13,5,8,198,100,30,82,36.6,13,33,39.4,27,35,77.1,3,14,17,22,10,8,3,17,176.4,0,0,-5
Damian Jones,GSW,23,18,12,6,310,98,40,55,72.7,0,0,0.0,18,29,62.1,24,35,59,21,11,10,21,49,282.3,0,0,31
James Ennis III,HOU,28,12,8,4,292,98,35,74,47.3,17,44,38.6,11,18,61.1,13,16,29,9,6,11,5,39,188.3,0,0,6
Willy Hernangomez,CHA,24,14,7,7,197,98,32,64,50.0,8,13,61.5,26,34,76.5,29,42,71,12,13,8,8,31,236.2,0,0,2
Gorgui Dieng,MIN,28,17,7,10,225,97,36,75,48.0,3,14,21.4,22,27,81.5,17,59,76,11,14,8,6,33,232.7,0,0,-34
Justin Jackson,SAC,23,15,8,7,332,97,37,92,40.2,13,47,27.7,10,13,76.9,5,38,43,25,5,8,2,16,211.1,0,0,-22
Tony Snell,MIL,27,15,11,4,246,97,36,69,52.2,18,40,45.0,7,9,77.8,3,23,26,13,5,7,4,18,175.7,0,0,94
Wayne Selden,MEM,24,15,10,5,249,97,37,79,46.8,13,34,38.2,10,12,83.3,5,11,16,16,13,6,2,26,151.2,0,0,-20
Alec Burks,UTA,27,12,7,5,181,96,29,69,42.0,12,27,44.4,26,30,86.7,1,13,14,15,8,4,3,15,148.3,0,0,3
Gerald Green,HOU,32,13,6,7,220,96,35,91,38.5,20,68,29.4,6,7,85.7,8,24,32,6,8,3,1,21,147.4,0,0,-5
Boban Marjanovic,LAC,30,12,7,5,142,95,34,54,63.0,0,1,0.0,27,38,71.1,17,46,63,8,13,4,12,24,217.6,2,0,23
Ed Davis,BKN,29,17,7,10,296,95,39,67,58.2,0,0,0.0,17,28,60.7,54,87,141,13,11,8,6,52,314.7,2,0,-8
Maxi Kleber,DAL,26,15,7,8,274,94,35,74,47.3,15,45,33.3,9,13,69.2,16,40,56,9,9,5,22,19,246.7,0,0,69
Wayne Ellington,MIA,30,9,3,6,210,94,31,76,40.8,26,63,41.3,6,6,100,2,17,19,12,10,9,0,16,151.8,0,0,-45
Jared Dudley,BKN,33,17,7,10,415,93,33,85,38.8,19,57,33.3,8,10,80.0,14,40,54,32,17,12,5,49,239.8,0,0,11
Rajon Rondo,LAL,32,11,6,5,278,93,40,88,45.5,9,21,42.9,4,8,50.0,10,40,50,71,25,13,0,25,273.5,3,0,23
Alex Abrines,OKC,25,14,9,5,303,92,31,87,35.6,22,66,33.3,8,9,88.9,2,20,22,11,8,11,4,26,171.9,0,0,30
Mike Muscala,PHI,27,12,7,5,287,92,27,72,37.5,18,54,33.3,20,23,87.0,12,41,53,15,17,4,5,34,188.1,0,0,-12
Frank Mason,SAC,24,15,7,8,229,91,33,84,39.3,6,32,18.8,19,27,70.4,3,20,23,54,17,9,3,14,218.6,0,0,-73
Patrick Patterson,OKC,29,15,10,5,255,91,31,78,39.7,18,47,38.3,11,18,61.1,15,32,47,5,6,4,4,16,172.9,0,0,-13
Donte DiVincenzo,MIL,21,14,10,4,254,90,34,80,42.5,13,51,25.5,9,11,81.8,7,36,43,21,11,4,2,21,180.1,0,0,52
Draymond Green,GSW,28,13,10,3,396,90,36,81,44.4,6,27,22.2,12,18,66.7,11,87,98,94,43,24,10,40,407.6,1,0,86
Emmanuel Mudiay,NYK,22,10,3,7,204,90,37,74,50.0,6,19,31.6,10,19,52.6,9,20,29,21,16,10,6,16,188.3,0,0,-25
Larry Nance Jr.,CLE,25,12,2,10,267,90,36,77,46.8,2,7,28.6,16,26,61.5,23,56,79,31,16,16,9,31,290.3,1,0,-72
Jake Layman,POR,24,16,11,5,254,89,36,67,53.7,14,33,42.4,3,6,50.0,11,29,40,6,10,10,6,17,184.0,0,0,10
Kevin Knox,NYK,19,10,2,8,193,89,31,94,33.0,13,38,34.2,14,21,66.7,10,12,22,5,12,6,2,20,134.9,0,0,-65
Marcus Smart,BOS,24,16,9,7,369,88,28,79,35.4,12,47,25.5,20,27,74.1,9,36,45,62,26,19,9,43,293.0,1,0,27
Amir Johnson,PHI,31,18,11,7,183,87,33,55,60.0,5,9,55.6,16,21,76.2,16,41,57,24,21,3,5,39,194.4,0,0,-51
Dewayne Dedmon,ATL,29,10,2,8,199,87,34,65,52.3,6,17,35.3,13,15,86.7,8,55,63,5,9,2,15,33,212.1,1,0,-42
Pat Connaughton,MIL,25,12,8,4,205,87,33,70,47.1,13,38,34.2,8,13,61.5,14,42,56,20,6,4,8,14,214.2,0,0,67
Jerian Grant,ORL,26,17,9,8,327,85,33,79,41.8,14,35,40.0,5,11,45.5,9,25,34,55,22,21,2,31,255.3,0,0,-69
Davis Bertans,SAS,26,14,7,7,217,84,28,60,46.7,21,47,44.7,7,8,87.5,7,23,30,14,6,3,5,16,159.0,0,0,-25
Jonathan Isaac,ORL,21,11,5,6,233,84,32,70,45.7,7,24,29.2,13,17,76.5,15,44,59,8,8,8,16,19,230.8,1,0,-24
Chandler Hutchison,CHI,22,16,4,12,309,81,31,72,43.1,4,19,21.1,15,23,65.2,10,54,64,11,15,11,3,28,201.3,0,0,-38
Doug McDermott,IND,26,16,10,6,257,81,28,63,44.4,17,45,37.8,8,10,80.0,3,14,17,12,6,7,0,25,134.4,0,0,36
Kyle Anderson,MEM,25,15,10,5,429,81,34,82,41.5,1,6,16.7,12,21,57.1,19,80,99,42,22,20,7,36,321.8,0,0,16
Nerlens Noel,OKC,24,15,10,5,208,80,32,53,60.4,0,0,0.0,16,22,72.7,34,46,80,8,7,15,21,41,289.0,1,0,-35
Hamidou Diallo,OKC,20,14,9,5,194,79,31,70,44.3,2,11,18.2,15,21,71.4,17,20,37,5,7,12,3,25,168.9,0,0,-16
John Henson,MIL,27,14,10,4,188,79,31,67,46.3,11,31,35.5,6,10,60.0,16,55,71,14,12,7,11,16,227.2,0,0,1
Anthony Tolliver,MIN,33,14,5,9,267,78,25,58,43.1,21,52,40.4,7,12,58.3,7,32,39,11,10,6,8,29,173.3,0,0,-43
Kevin Huerter,ATL,20,15,3,12,285,77,28,78,35.9,14,41,34.1,7,10,70.0,8,41,49,24,13,10,4,18,200.8,0,0,-28
Aron Baynes,BOS,31,13,7,6,186,76,25,62,40.3,10,27,37.0,16,19,84.2,22,32,54,16,6,3,6,26,185.8,0,0,25
Glenn Robinson III,DET,24,12,6,6,206,76,25,59,42.4,8,25,32.0,18,20,90.0,2,16,18,3,8,4,4,12,118.1,0,0,9
Kevin Love,CLE,30,4,0,4,136,76,21,65,32.3,7,24,29.2,27,33,81.8,10,44,54,14,10,1,1,14,157.8,3,0,-34
Andre Iguodala,GSW,34,16,10,6,345,75,28,64,43.8,8,25,32.0,11,18,61.1,10,39,49,48,17,11,8,20,245.8,0,0,40
Dillon Brooks,MEM,22,11,7,4,208,75,27,66,40.9,7,19,36.8,14,18,77.8,6,17,23,10,9,8,4,30,144.6,0,0,-2
Ian Clark,NOP,27,15,8,7,250,74,28,75,37.3,11,31,35.5,7,8,87.5,3,23,26,21,15,3,1,27,133.7,0,0,-22
Mitchell Robinson,NYK,20,15,4,11,273,74,31,51,60.8,0,0,0.0,12,20,60.0,32,30,62,6,5,12,26,42,266.4,1,0,-22
Tyus Jones,MIN,22,16,6,10,297,73,29,89,32.6,10,36,27.8,5,6,83.3,5,21,26,48,9,16,1,14,218.2,0,0,-37
JR Smith,CLE,33,10,1,9,216,72,26,75,34.7,12,38,31.6,8,10,80.0,0,18,18,21,11,11,3,18,156.1,0,0,-11
Mike Scott,LAC,30,15,10,5,215,72,28,55,50.9,14,31,45.2,2,2,100,3,44,47,16,6,6,2,34,170.4,0,0,50
Delon Wright,TOR,26,12,8,4,197,71,25,61,41.0,8,23,34.8,13,13,100,9,17,26,16,8,9,4,9,157.2,0,0,-42
Meyers Leonard,POR,26,13,9,4,139,70,23,45,51.1,11,23,47.8,13,13,100,12,40,52,9,10,3,1,18,147.9,1,0,7
Seth Curry,POR,28,14,10,4,239,67,24,62,38.7,16,32,50.0,3,3,100,2,17,19,12,8,2,1,20,108.8,0,0,89
Elie Okobo,PHX,21,11,2,9,166,66,23,61,37.7,7,26,26.9,13,14,92.9,2,14,16,25,11,3,1,23,123.7,0,0,-46
Tomas Satoransky,WAS,27,16,5,11,199,66,22,50,44.0,5,12,41.7,17,18,94.4,5,19,24,36,6,7,3,22,172.8,0,0,-26
Wes Iwundu,ORL,23,13,7,6,236,66,22,58,37.9,4,13,30.8,18,23,78.3,8,22,30,11,8,4,4,23,134.5,0,0,17
Alex Poythress,ATL,25,13,3,10,195,65,26,49,53.1,5,14,35.7,8,17,47.1,20,29,49,11,8,3,5,31,156.3,0,0,-65
Royce O'Neale,UTA,25,16,8,8,235,65,26,56,46.4,5,15,33.3,8,11,72.7,5,34,39,15,17,7,1,30,141.3,0,0,-60
Avery Bradley,LAC,27,9,5,4,247,64,28,80,35.0,7,27,25.9,1,1,100,7,10,17,14,14,6,3,25,118.4,0,0,-12
Jalen Brunson,DAL,22,14,6,8,183,64,26,62,41.9,7,24,29.2,5,7,71.4,2,17,19,19,10,6,0,11,123.3,0,0,31
Marcin Gortat,LAC,34,12,8,4,210,64,24,44,54.5,0,0,0.0,16,19,84.2,19,50,69,19,12,1,6,28,184.3,0,0,-8
Yogi Ferrell,SAC,25,11,6,5,173,64,22,54,40.7,7,23,30.4,13,13,100,2,18,20,9,6,7,1,13,119.5,0,0,-33
CJ Miles,TOR,31,13,11,2,195,63,21,69,30.4,12,44,27.3,9,14,64.3,5,19,24,11,7,5,6,24,134.3,0,0,-55
Jamal Crawford,PHX,38,13,2,11,150,63,19,47,40.4,10,28,35.7,15,17,88.2,1,8,9,22,13,3,1,11,105.8,0,0,-60
Dante Cunningham,SAS,31,15,8,7,327,62,23,56,41.1,8,21,38.1,8,8,100,18,43,61,16,8,11,8,32,208.2,0,0,-43
Terrance Ferguson,OKC,20,14,9,5,313,62,24,66,36.4,11,43,25.6,3,4,75.0,11,19,30,10,13,8,3,38,133.0,0,0,62
Bogdan Bogdanovic,SAC,26,5,1,4,107,61,24,51,47.1,8,22,36.4,5,6,83.3,0,10,10,13,3,3,0,6,98.5,0,0,-28
Kyle Korver,CLE,37,11,1,10,168,61,21,46,45.7,12,31,38.7,7,8,87.5,0,17,17,15,13,2,0,18,96.9,0,0,-27
Pau Gasol,SAS,38,9,6,3,157,61,22,43,51.2,4,7,57.1,13,18,72.2,11,44,55,30,7,1,9,16,195.0,1,0,5
Derrick Jones Jr.,MIA,21,11,3,8,164,60,23,55,41.8,4,12,33.3,10,15,66.7,14,18,32,7,9,3,5,19,123.9,0,0,-16
Gary Clark,HOU,24,14,7,7,241,60,19,56,33.9,16,52,30.8,6,6,100,11,35,46,7,1,6,14,20,184.7,0,0,13
Shaquille Harrison,CHI,25,8,2,6,136,60,22,47,46.8,3,11,27.3,13,23,56.5,4,28,32,19,9,16,0,14,165.9,0,0,-62
Miles Plumlee,ATL,30,10,0,10,116,59,25,35,71.4,0,0,0.0,9,18,50.0,14,17,31,11,7,4,3,10,126.7,0,0,-41
Wesley Johnson,NOP,31,10,6,4,204,59,21,41,51.2,12,25,48.0,5,6,83.3,5,24,29,11,9,7,4,24,134.3,0,0,-5
Elfrid Payton,NOP,24,6,5,1,152,58,24,51,47.1,3,7,42.9,7,11,63.6,7,24,31,32,12,5,1,16,149.2,1,1,17
Sam Dekker,CLE,24,9,1,8,169,57,22,48,45.8,5,13,38.5,8,10,80.0,9,24,33,9,5,11,0,13,138.1,0,0,-37
Darius Miller,NOP,28,12,9,3,227,56,19,48,39.6,17,42,40.5,1,1,100,2,13,15,17,9,5,4,22,117.5,0,0,14
Harry Giles III,SAC,20,12,5,7,117,55,26,58,44.8,0,1,0.0,3,9,33.3,11,23,34,7,15,7,2,29,118.3,0,0,-92
Norman Powell,TOR,25,11,10,1,164,55,20,42,47.6,9,22,40.9,6,8,75.0,2,20,22,10,8,5,1,17,106.4,0,0,12
Troy Williams,SAC,23,8,3,5,137,55,21,43,48.8,8,21,38.1,5,7,71.4,3,22,25,5,3,3,3,18,107.5,0,0,-4
Cristiano Felicio,CHI,26,13,3,10,195,54,21,36,58.3,0,1,0.0,12,16,75.0,15,40,55,9,8,2,2,16,137.5,0,0,-30
DeMarre Carroll,BKN,32,6,2,4,126,54,14,43,32.6,6,22,27.3,20,22,90.9,7,23,30,6,7,0,1,7,95.0,0,0,-22
Ryan Anderson,PHX,30,12,3,9,244,54,18,56,32.1,7,31,22.6,11,14,78.6,12,28,40,16,10,3,1,20,128.0,0,0,-56
David Nwaba,CLE,25,10,2,8,129,53,17,33,51.5,3,9,33.3,16,21,76.2,2,20,22,6,2,5,5,8,116.4,0,0,-5
Raymond Felton,OKC,34,9,6,3,119,53,21,61,34.4,3,25,12.0,8,9,88.9,2,11,13,19,9,5,3,10,112.1,0,0,-35
Cheick Diallo,NOP,22,11,5,6,113,52,19,35,54.3,0,0,0.0,14,18,77.8,13,35,48,5,6,3,6,14,138.1,0,0,-2
T.J. McConnell,PHI,26,12,6,6,176,52,23,42,54.8,0,4,0.0,6,6,100,1,20,21,32,11,6,3,11,141.2,0,0,-44
Omri Casspi,MEM,30,9,7,2,104,51,17,32,53.1,5,11,45.5,12,22,54.5,3,17,20,10,2,6,0,6,106.0,0,0,38
Zaza Pachulia,DET,34,13,7,6,171,51,14,40,35.0,0,0,0.0,23,29,79.3,23,29,52,17,12,10,3,31,165.9,0,0,-1
Torrey Craig,DEN,27,13,9,4,205,49,20,49,40.8,5,26,19.2,4,6,66.7,15,22,37,6,9,6,5,26,126.4,0,0,-17
Georges Niang,UTA,25,15,8,7,119,48,16,38,42.1,10,26,38.5,6,7,85.7,3,18,21,6,5,3,1,13,89.2,0,0,-51
Shaun Livingston,GSW,33,9,5,4,144,48,20,41,48.8,0,0,0.0,8,9,88.9,10,14,24,15,6,5,2,12,114.3,0,0,7
Furkan Korkmaz,PHI,21,11,6,5,116,47,17,36,47.2,8,21,38.1,5,7,71.4,4,19,23,7,2,5,0,11,98.1,0,0,5
Ian Mahinmi,WAS,32,11,4,7,161,47,11,26,42.3,1,5,20.0,24,36,66.7,18,24,42,5,7,6,5,29,130.9,0,0,-16
Rodions Kurucs,BKN,20,7,3,4,82,46,18,35,51.4,6,14,42.9,4,4,100,7,14,21,1,5,1,0,4,70.7,0,0,17
Dwayne Bacon,CHA,23,8,5,3,96,45,15,29,51.7,6,12,50.0,9,10,90.0,1,12,13,4,1,2,0,12,71.6,0,0,23
Grayson Allen,UTA,23,10,4,6,113,45,14,40,35.0,7,26,26.9,10,13,76.9,0,2,2,4,6,0,0,13,47.4,0,0,-17
Richaun Holmes,PHX,25,14,2,12,144,44,19,34,55.9,0,0,0.0,6,11,54.5,20,33,53,5,12,5,8,29,142.1,1,0,-33
Derrick White,SAS,24,6,2,4,135,43,15,44,34.1,3,13,23.1,10,12,83.3,1,11,12,21,11,5,0,7,92.9,0,0,-60
Frank Jackson,NOP,20,10,5,5,105,43,14,37,37.8,7,18,38.9,8,11,72.7,0,6,6,5,6,2,0,13,57.7,0,0,-12
Lance Thomas,NYK,30,11,3,8,167,43,14,41,34.1,5,17,29.4,10,11,90.9,4,20,24,6,6,7,3,22,104.8,0,0,-10
Tyson Chandler,LAL,36,13,6,7,219,43,15,27,55.6,0,0,0.0,13,24,54.2,28,56,84,8,17,6,5,40,171.8,1,0,-40
Ante Zizic,CLE,21,12,2,10,100,42,15,27,55.6,0,0,0.0,12,18,66.7,12,22,34,5,13,1,1,16,83.3,0,0,-4
Bobby Portis,CHI,23,4,1,3,113,42,17,41,41.5,3,11,27.3,5,9,55.6,6,34,40,8,5,2,4,14,115.0,1,0,-2
Thon Maker,MIL,21,7,6,1,85,42,16,35,45.7,8,21,38.1,2,4,50.0,3,19,22,4,2,1,6,11,93.4,0,0,25
Daniel Theis,BOS,26,8,5,3,88,39,17,29,58.6,2,6,33.3,3,7,42.9,9,13,22,4,6,1,2,20,74.4,0,0,33
Jason Smith,WAS,32,10,3,7,111,38,13,32,40.6,3,7,42.9,9,10,90.0,11,22,33,10,6,1,5,19,104.6,0,0,-22
Jordan Bell,GSW,23,17,11,6,197,38,15,28,53.6,0,0,0.0,8,11,72.7,9,34,43,15,5,8,15,28,176.1,0,0,-13
Robin Lopez,CHI,30,11,2,9,173,38,17,38,44.7,1,2,50.0,3,6,50.0,13,6,19,13,15,2,10,19,101.3,0,0,-40
Michael Carter-Williams,HOU,27,9,4,5,102,36,13,37,35.1,2,10,20.0,8,18,44.4,2,9,11,16,8,8,4,19,101.2,0,0,-51
Isaiah Hartenstein,HOU,20,14,7,7,127,35,13,27,48.1,1,3,33.3,8,11,72.7,13,13,26,9,10,3,7,26,99.7,0,0,53
Greg Monroe,TOR,28,8,5,3,58,34,16,27,59.3,0,1,0.0,2,4,50.0,9,14,23,3,8,1,0,7,61.1,0,0,-7
Will Barton,DEN,27,2,2,0,54,33,12,21,57.1,5,9,55.6,4,4,100,0,10,10,6,3,1,2,5,60.0,0,0,32
Wilson Chandler,PHI,31,7,6,1,123,33,13,25,52.0,5,13,38.5,2,4,50.0,9,20,29,5,7,3,1,14,80.3,0,0,20
Tyrone Wallace,LAC,24,10,7,3,70,32,13,30,43.3,0,3,0.0,6,9,66.7,1,6,7,3,3,2,0,7,47.9,0,0,11
Jakob Poeltl,SAS,23,11,4,7,120,31,11,24,45.8,0,0,0.0,9,16,56.3,26,20,46,8,5,3,4,14,114.2,0,0,-20
Jahlil Okafor,NOP,22,7,3,4,58,30,12,26,46.2,0,0,0.0,6,6,100,10,8,18,1,6,0,0,10,47.1,0,0,-21
Jarell Martin,ORL,24,10,5,5,118,30,12,38,31.6,1,13,7.7,5,5,100,4,20,24,9,6,2,3,13,81.3,0,0,-1
Lorenzo Brown,TOR,28,11,9,2,99,30,14,35,40.0,2,15,13.3,0,0,0.0,1,12,13,11,11,6,3,12,78.1,0,0,-5
Tyler Dorsey,ATL,22,9,0,9,102,29,11,35,31.4,2,12,16.7,5,11,45.5,1,14,15,6,1,3,0,7,64.0,0,0,-18
Kosta Koufos,SAC,29,7,4,3,98,28,14,27,51.9,0,0,0.0,0,0,0.0,8,30,38,7,3,7,3,15,111.1,0,0,-5
Kyle O'Quinn,IND,28,9,5,4,52,28,11,23,47.8,0,2,0.0,6,6,100,8,13,21,9,4,1,5,11,80.7,0,0,-5
Quincy Pondexter,SAS,30,12,5,7,81,27,8,16,50.0,1,5,20.0,10,13,76.9,4,9,13,5,5,5,0,9,60.1,0,0,13
Bruce Brown,DET,22,8,3,5,104,25,9,29,31.0,1,11,9.1,6,9,66.7,3,9,12,2,3,4,2,19,57.4,0,0,6
Semi Ojeleye,BOS,23,11,7,4,99,25,10,21,47.6,3,12,25.0,2,5,40.0,4,9,13,0,2,3,1,8,50.6,0,0,27
Thomas Bryant,WAS,21,6,2,4,32,25,9,17,52.9,0,4,0.0,7,8,87.5,4,6,10,4,2,0,1,4,44.0,0,0,-4
Damion Lee,GSW,26,6,3,3,61,24,7,18,38.9,5,9,55.6,5,6,83.3,0,10,10,0,1,4,0,10,47.0,0,0,12
Caleb Swanigan,POR,21,8,6,2,85,23,9,28,32.1,1,3,33.3,4,5,80.0,10,25,35,4,9,3,0,14,71.0,1,0,-13
JaMychal Green,MEM,28,3,2,1,60,23,9,24,37.5,1,2,50.0,4,4,100,8,12,20,5,5,5,2,6,70.5,0,0,-9
Jerome Robinson,LAC,21,8,5,3,40,23,9,18,50.0,5,9,55.6,0,0,0.0,0,3,3,1,1,0,0,6,27.1,0,0,16
Johnathan Williams,LAL,23,6,3,3,85,23,11,19,57.9,0,0,0.0,1,5,20.0,11,10,21,4,2,1,3,19,64.2,0,0,-10
Milos Teodosic,LAC,31,7,4,3,73,23,8,13,61.5,6,10,60.0,1,2,50.0,2,10,12,17,9,1,1,12,59.9,0,0,36
Tim Frazier,NOP,28,11,4,7,137,23,9,31,29.0,4,14,28.6,1,3,33.3,4,11,15,26,8,3,1,19,84.0,0,0,-61
Devin Harris,DAL,35,5,4,1,68,22,9,22,40.9,2,12,16.7,2,4,50.0,0,10,10,6,5,4,2,8,56.0,0,0,13
Solomon Hill,NOP,27,8,4,4,142,22,8,29,27.6,3,14,21.4,3,4,75.0,2,15,17,14,5,6,3,11,85.4,0,0,-12
Kenneth Faried,BKN,28,6,2,4,35,21,9,12,75.0,0,0,0.0,3,7,42.9,6,8,14,0,3,1,0,1,37.8,0,0,0
Jose Calderon,DET,37,10,4,6,113,20,7,24,29.2,3,15,20.0,3,3,100,3,6,9,12,4,5,2,14,65.8,0,0,-7
Luc Mbah a Moute,LAC,32,4,2,2,61,20,8,18,44.4,2,6,33.3,2,5,40.0,2,5,7,2,2,1,1,8,35.4,0,0,11
Troy Brown Jr.,WAS,19,8,2,6,42,20,7,16,43.8,2,4,50.0,4,4,100,2,8,10,3,1,2,0,3,41.5,0,0,15
Ivan Rabb,MEM,21,8,6,2,53,19,8,13,61.5,0,1,0.0,3,5,60.0,4,14,18,5,8,1,1,9,46.1,0,0,-2
Maurice Harkless,POR,25,5,3,2,88,19,7,18,38.9,3,8,37.5,2,2,100,3,21,24,5,2,2,6,10,77.3,0,0,-7
Svi Mykhailiuk,LAL,21,8,4,4,78,18,6,18,33.3,3,10,30.0,3,6,50.0,2,2,4,9,3,2,0,5,39.3,0,0,23
Aaron Holiday,IND,22,6,5,1,31,17,6,12,50.0,4,8,50.0,1,2,50.0,0,4,4,4,5,0,0,6,22.8,0,0,-3
Bismack Biyombo,CHA,26,8,3,5,68,17,7,12,58.3,0,0,0.0,3,7,42.9,5,12,17,2,3,0,9,16,64.4,0,0,-28
Chandler Parsons,MEM,30,3,2,1,46,17,7,17,41.2,3,10,30.0,0,0,0.0,1,3,4,2,2,1,1,7,28.8,0,0,-11
Luke Kennard,DET,22,3,3,0,43,17,8,12,66.7,1,2,50.0,0,0,0.0,0,5,5,3,1,1,1,2,32.5,0,0,-4
Guerschon Yabusele,BOS,22,9,6,3,38,16,4,13,30.8,1,5,20.0,7,8,87.5,4,6,10,2,1,2,1,4,39.0,0,0,-7
James Nunnally,MIN,28,6,2,4,40,16,5,12,41.7,2,7,28.6,4,4,100,0,3,3,3,1,1,0,3,26.1,0,0,0
Malachi Richardson,TOR,22,10,7,3,64,16,5,16,31.3,4,14,28.6,2,3,66.7,1,8,9,0,7,1,0,8,22.8,0,0,1
Skal Labissiere,SAC,22,6,2,4,35,15,5,12,41.7,1,5,20.0,4,4,100,1,7,8,2,4,2,1,8,32.6,0,0,-4
Sterling Brown,MIL,23,8,8,0,51,15,5,14,35.7,0,6,0.0,5,6,83.3,3,7,10,3,4,0,1,6,30.5,0,0,-32
Andrew Harrison,CLE,24,4,2,2,50,14,4,14,28.6,1,6,16.7,5,5,100,2,7,9,4,5,2,1,8,34.8,0,0,-7
Ivica Zubac,LAL,21,5,3,2,40,14,5,12,41.7,0,0,0.0,4,4,100,9,10,19,2,3,1,1,12,42.8,0,0,14
Jon Leuer,DET,29,5,2,3,44,14,6,12,50.0,0,3,0.0,2,4,50.0,4,10,14,1,2,2,0,6,36.3,0,0,-22
Troy Daniels,PHX,27,4,1,3,37,14,5,15,33.3,3,11,27.3,1,1,100,1,3,4,4,3,4,0,6,33.8,0,0,7
Ben McLemore,SAC,25,5,3,2,24,12,4,11,36.4,4,9,44.4,0,2,0.0,0,0,0,1,1,0,0,3,12.5,0,0,9
Deonte Burton,OKC,24,6,4,2,36,12,5,15,33.3,2,5,40.0,0,0,0.0,1,6,7,1,2,2,2,4,31.9,0,0,-4
Ekpe Udoh,UTA,31,12,6,6,57,12,4,5,80.0,0,0,0.0,4,6,66.7,2,8,10,3,5,1,6,9,44.5,0,0,-24
John Collins,ATL,21,1,0,1,12,12,3,6,50.0,0,1,0.0,6,7,85.7,1,1,2,0,3,0,1,1,14.4,0,0,14
Timothe Luwawu-Cabarrot,OKC,23,8,7,1,35,12,4,12,33.3,1,5,20.0,3,3,100,1,4,5,1,1,0,0,5,18.5,0,0,-18
Brad Wanamaker,BOS,29,4,3,1,24,11,4,10,40.0,1,3,33.3,2,2,100,0,3,3,3,3,1,0,0,19.1,0,0,1
Channing Frye,CLE,35,3,1,2,31,11,4,8,50.0,3,4,75.0,0,0,0.0,0,7,7,1,2,1,0,4,21.9,0,0,-9
Chimezie Metu,SAS,21,8,3,5,40,11,3,12,25.0,0,1,0.0,5,7,71.4,3,7,10,1,5,2,2,2,31.5,0,0,12
Matthew Dellavedova,MIL,28,7,7,0,43,11,3,10,30.0,3,7,42.9,2,2,100,0,7,7,13,5,1,0,3,36.9,0,0,-27
Ryan Broekhoff,DAL,28,7,4,3,24,11,4,10,40.0,3,9,33.3,0,0,0.0,0,4,4,0,0,0,0,2,15.8,0,0,9
TJ Leaf,IND,21,9,7,2,63,11,5,19,26.3,1,4,25.0,0,0,0.0,3,8,11,4,2,1,2,4,37.2,0,0,-15
C.J. Williams,MIN,28,6,2,4,53,10,5,14,35.7,0,6,0.0,0,0,0.0,0,2,2,3,3,1,0,10,16.9,0,0,-37
De'Anthony Melton,PHX,20,4,1,3,42,10,4,14,28.6,2,8,25.0,0,0,0.0,0,8,8,2,4,4,1,7,33.6,0,0,-16
Dzanan Musa,BKN,19,6,3,3,22,10,5,12,41.7,0,5,0.0,0,2,0.0,1,2,3,1,3,2,0,1,18.1,0,0,-1
Gary Trent Jr.,POR,19,2,1,1,13,10,4,9,44.4,2,3,66.7,0,0,0.0,0,3,3,0,1,0,0,0,12.6,0,0,6
Isaiah Briscoe,ORL,22,7,3,4,52,10,4,12,33.3,1,1,100,1,3,33.3,0,4,4,8,1,0,0,7,25.8,0,0,-11
Jonah Bolden,PHI,22,6,3,3,40,10,4,11,36.4,1,7,14.3,1,2,50.0,0,9,9,2,2,3,1,6,33.8,0,0,17
Khem Birch,ORL,26,6,2,4,34,10,5,8,62.5,0,0,0.0,0,0,0.0,3,8,11,1,2,4,0,4,34.7,0,0,-5
Michael Beasley,LAL,29,4,1,3,20,10,4,9,44.4,0,1,0.0,2,3,66.7,2,2,4,0,2,1,0,7,15.8,0,0,1
Anfernee Simons,POR,19,4,3,1,22,9,4,11,36.4,0,4,0.0,1,2,50.0,0,5,5,1,1,0,0,1,15.5,0,0,3
Frank Kaminsky,CHA,25,5,3,2,26,9,3,9,33.3,1,4,25.0,2,2,100,2,5,7,3,4,0,0,2,17.9,0,0,5
Kris Dunn,CHI,24,1,0,1,30,9,4,13,30.8,1,4,25.0,0,0,0.0,0,4,4,7,4,0,0,6,20.3,0,0,-1
Ron Baker,NYK,25,9,2,7,92,9,2,12,16.7,0,8,0.0,5,6,83.3,1,5,6,9,3,4,0,15,38.7,0,0,-11
Tyler Lydon,DEN,22,5,5,0,17,9,3,4,75.0,2,3,66.7,1,2,50.0,1,1,2,0,0,0,0,1,11.4,0,0,-5
Chris Boucher,TOR,25,2,1,1,9,8,2,6,33.3,0,3,0.0,4,6,66.7,2,3,5,0,0,0,3,1,23.0,0,0,7
Christian Wood,MIL,23,4,4,0,19,8,2,8,25.0,1,2,50.0,3,4,75.0,2,5,7,0,2,0,0,2,14.4,0,0,-15
James Johnson,MIA,31,1,0,1,15,8,2,8,25.0,2,4,50.0,2,2,100,0,0,0,2,0,0,0,5,11.0,0,0,4
Jordan Loyd,TOR,25,2,1,1,14,8,2,2,100,2,2,100,2,2,100,1,4,5,1,0,0,0,1,15.5,0,0,14
Marquese Chriss,HOU,21,5,3,2,24,8,4,12,33.3,0,5,0.0,0,0,0.0,1,3,4,1,2,0,2,4,18.3,0,0,-14
Devonte' Graham,CHA,23,3,0,3,25,7,3,8,37.5,1,5,20.0,0,0,0.0,0,2,2,4,1,0,0,2,14.4,0,0,-15
Henry Ellenson,DET,21,1,0,1,8,7,2,5,40.0,1,2,50.0,2,2,100,0,3,3,0,0,0,0,1,10.6,0,0,3
Jacob Evans,GSW,21,10,8,2,60,7,3,15,20.0,1,4,25.0,0,0,0.0,1,6,7,9,3,1,0,8,28.9,0,0,-12
Abdel Nader,OKC,25,6,5,1,11,6,3,6,50.0,0,1,0.0,0,0,0.0,1,2,3,0,2,2,1,1,16.6,0,0,-15
Salah Mejri,DAL,32,3,2,1,12,6,2,3,66.7,0,0,0.0,2,2,100,1,3,4,0,1,0,0,3,9.8,0,0,13
DeVaughn Akoon-Purcell,DEN,25,4,4,0,13,5,2,6,33.3,0,3,0.0,1,2,50.0,1,2,3,2,0,1,0,3,14.6,0,0,-3
Kenrich Williams,NOP,23,5,3,2,27,5,2,5,40.0,1,2,50.0,0,0,0.0,0,5,5,0,1,0,0,7,10.0,0,0,14
Luol Deng,MIN,33,2,0,2,19,5,2,9,22.2,0,4,0.0,1,2,50.0,5,5,10,0,1,0,1,0,19.0,0,0,2
Robert Williams III,BOS,21,5,3,2,15,5,2,2,100,0,0,0.0,1,2,50.0,3,1,4,1,0,0,3,4,20.3,0,0,-9
Dragan Bender,PHX,21,6,1,5,26,4,2,8,25.0,0,4,0.0,0,0,0.0,2,4,6,2,3,0,0,3,11.2,0,0,-7
Drew Eubanks,SAS,21,2,0,2,6,4,1,2,50.0,0,0,0.0,2,2,100,0,0,0,0,0,0,0,0,4.0,0,0,14
Jared Terrell,MIN,23,1,0,1,21,4,1,8,12.5,1,2,50.0,1,2,50.0,0,1,1,1,2,2,1,2,13.7,0,0,-10
Keita Bates-Diop,MIN,22,2,0,2,18,4,2,8,25.0,0,4,0.0,0,0,0.0,0,3,3,0,0,0,1,1,10.6,0,0,-4
Sindarius Thornwell,LAC,24,4,4,0,37,4,1,3,33.3,0,1,0.0,2,2,100,0,8,8,2,2,0,1,11,17.6,0,0,11
Duncan Robinson,MIA,24,3,2,1,17,3,1,3,33.3,1,3,33.3,0,0,0.0,0,5,5,0,0,1,0,0,12.0,0,0,0
Jaylen Adams,ATL,22,4,1,3,13,3,1,4,25.0,1,4,25.0,0,0,0.0,0,2,2,1,0,0,1,0,9.9,0,0,9
Khyri Thomas,DET,22,1,1,0,4,3,1,3,33.3,1,2,50.0,0,0,0.0,0,0,0,0,1,0,0,0,2.0,0,0,-7
Thabo Sefolosha,UTA,34,4,0,4,32,3,1,4,25.0,0,3,0.0,1,2,50.0,1,11,12,3,1,1,0,1,23.9,0,0,-15
Vincent Edwards,HOU,22,1,1,0,4,3,1,2,50.0,1,2,50.0,0,0,0.0,1,0,1,0,0,0,0,0,4.2,0,0,-5
Alize Johnson,IND,22,3,2,1,9,2,1,2,50.0,0,0,0.0,0,2,0.0,0,4,4,0,0,0,0,3,6.8,0,0,0
Edmond Sumner,IND,22,5,4,1,20,2,1,4,25.0,0,1,0.0,0,2,0.0,1,0,1,1,1,1,0,3,6.7,0,0,-13
Jordan McRae,WAS,27,4,1,3,22,2,1,7,14.3,0,2,0.0,0,0,0.0,0,4,4,2,0,0,1,0,12.8,0,0,-12
Marcus Derrickson,GSW,22,2,1,1,8,2,1,2,50.0,0,0,0.0,0,0,0.0,0,1,1,0,1,0,0,3,2.2,0,0,-6
Theo Pinson,BKN,23,2,1,1,10,2,0,3,0.0,0,2,0.0,2,2,100,0,1,1,3,0,0,0,0,7.7,0,0,-6
Udonis Haslem,MIA,38,2,2,0,6,2,1,4,25.0,0,2,0.0,0,0,0.0,0,1,1,0,2,0,0,2,1.2,0,0,-6
Wade Baldwin IV,POR,22,5,4,1,23,2,1,7,14.3,0,3,0.0,0,0,0.0,1,3,4,3,4,0,0,2,7.3,0,0,-6
Yuta Watanabe,MEM,24,2,2,0,12,2,0,1,0.0,0,1,0.0,2,2,100,0,4,4,0,1,0,1,0,8.8,0,0,-1
Zhou Qi,HOU,22,1,0,1,1,2,1,1,100,0,0,0.0,0,0,0.0,0,0,0,0,0,0,0,0,2.0,0,0,-2
Daniel Hamilton,ATL,23,1,0,1,8,1,0,2,0.0,0,1,0.0,1,2,50.0,0,0,0,0,1,0,0,0,0.0,0,0,-11
Daryl Macon,DAL,22,1,0,1,1,0,0,0,0.0,0,0,0.0,0,0,0.0,0,0,0,0,0,0,0,0,0.0,0,0,3
Ike Anigbogu,IND,20,1,1,0,3,0,0,2,0.0,0,0,0.0,0,0,0.0,0,1,1,0,1,0,1,0,3.2,0,0,-6
Jaylen Morris,MIL,23,1,1,0,3,0,0,1,0.0,0,0,0.0,0,0,0.0,0,1,1,0,1,0,0,0,0.2,0,0,-3
John Holland,CLE,30,1,0,1,1,0,0,0,0.0,0,0,0.0,0,0,0.0,0,0,0,0,0,0,0,0,0.0,0,0,1
Luke Kornet,NYK,23,4,1,3,13,0,0,2,0.0,0,2,0.0,0,0,0.0,0,0,0,2,1,0,0,0,2.0,0,0,-5
Melvin Frazier Jr.,ORL,22,2,1,1,11,0,0,1,0.0,0,1,0.0,0,0,0.0,0,0,0,0,1,0,0,1,-1.0,0,0,-8
Moritz Wagner,LAL,21,1,0,1,2,0,0,1,0.0,0,1,0.0,0,0,0.0,0,0,0,0,0,0,0,0,0.0,0,0,2
Naz Mitrou-Long,UTA,25,1,0,1,4,0,0,1,0.0,0,1,0.0,0,0,0.0,0,0,0,0,0,0,0,1,0.0,0,0,11
Ray Spalding,DAL,21,1,0,1,1,0,0,0,0.0,0,0,0.0,0,0,0.0,0,0,0,0,0,0,0,0,0.0,0,0,-2
Thomas Welsh,DEN,22,3,3,0,7,0,0,1,0.0,0,1,0.0,0,0,0.0,0,2,2,2,0,0,0,1,5.4,0,0,-7
Treveon Graham,BKN,25,2,1,1,27,0,0,3,0.0,0,2,0.0,0,0,0.0,1,3,4,1,2,1,0,5,7.3,0,0,7
Tyler Ulis,CHI,22,1,0,1,1,0,0,0,0.0,0,0,0.0,0,0,0.0,0,0,0,0,0,0,0,0,0.0,0,0,0
Zach Lofton,DET,26,1,1,0,4,0,0,1,0.0,0,1,0.0,0,0,0.0,0,0,0,0,1,1,0,0,2.0,0,0,0
